- Auto update on Sun Aug 31 19:10:04 UTC 2025
- Auto update on Mon Sep  1 14:23:25 UTC 2025
- Auto update on Mon Sep  1 18:33:11 UTC 2025
- Auto update on Mon Sep  1 18:38:58 UTC 2025
- Auto update on Tue Sep  2 18:46:13 UTC 2025
- Auto update on Thu Sep  4 03:07:31 UTC 2025
- Auto update on Thu Sep  4 06:44:54 UTC 2025
- Auto update on Thu Sep  4 10:41:09 UTC 2025
- Auto update on Thu Sep  4 18:44:24 UTC 2025
- Auto update on Thu Sep  4 22:38:42 UTC 2025
- Auto update on Fri Sep  5 03:10:35 UTC 2025
- Auto update on Fri Sep  5 06:44:50 UTC 2025
- Auto update on Fri Sep  5 10:41:34 UTC 2025
- Auto update on Fri Sep  5 18:43:18 UTC 2025
- Auto update on Fri Sep  5 22:39:07 UTC 2025
- Auto update on Sat Sep  6 03:06:36 UTC 2025
- Auto update on Sat Sep  6 06:41:06 UTC 2025
- Auto update on Sat Sep  6 10:38:10 UTC 2025
- Auto update on Sat Sep  6 18:40:43 UTC 2025
- Auto update on Sat Sep  6 22:37:23 UTC 2025
- Auto update on Sun Sep  7 03:13:42 UTC 2025
- Auto update on Sun Sep  7 06:41:47 UTC 2025
- Auto update on Sun Sep  7 10:38:27 UTC 2025
- Auto update on Sun Sep  7 18:40:45 UTC 2025
- Auto update on Sun Sep  7 22:37:56 UTC 2025
- Auto update on Mon Sep  8 03:26:52 UTC 2025
- Auto update on Mon Sep  8 06:47:10 UTC 2025
- Auto update on Mon Sep  8 10:44:01 UTC 2025
- Auto update on Mon Sep  8 18:44:31 UTC 2025
- Auto update on Mon Sep  8 22:39:14 UTC 2025
- Auto update on Tue Sep  9 03:13:20 UTC 2025
- Auto update on Tue Sep  9 06:45:58 UTC 2025
- Auto update on Tue Sep  9 10:43:46 UTC 2025
- Auto update on Tue Sep  9 18:43:03 UTC 2025
- Auto update on Tue Sep  9 22:38:17 UTC 2025
- Auto update on Wed Sep 10 03:07:18 UTC 2025
- Auto update on Wed Sep 10 06:44:58 UTC 2025
- Auto update on Wed Sep 10 10:41:38 UTC 2025
- Auto update on Wed Sep 10 18:45:20 UTC 2025
- Auto update on Wed Sep 10 22:38:51 UTC 2025
- Auto update on Thu Sep 11 03:11:57 UTC 2025
- Auto update on Thu Sep 11 06:45:41 UTC 2025
- Auto update on Thu Sep 11 10:40:53 UTC 2025
- Auto update on Thu Sep 11 18:42:44 UTC 2025
- Auto update on Thu Sep 11 22:38:03 UTC 2025
- Auto update on Fri Sep 12 03:06:42 UTC 2025
- Auto update on Fri Sep 12 06:44:35 UTC 2025
- Auto update on Fri Sep 12 10:41:04 UTC 2025
- Auto update on Fri Sep 12 18:41:55 UTC 2025
- Auto update on Fri Sep 12 22:38:09 UTC 2025
- Auto update on Sat Sep 13 03:00:41 UTC 2025
- Auto update on Sat Sep 13 06:40:50 UTC 2025
- Auto update on Sat Sep 13 10:38:39 UTC 2025
- Auto update on Sat Sep 13 18:39:48 UTC 2025
- Auto update on Sat Sep 13 22:37:10 UTC 2025
- Auto update on Sun Sep 14 03:13:45 UTC 2025
- Auto update on Sun Sep 14 06:41:42 UTC 2025
- Auto update on Sun Sep 14 10:37:23 UTC 2025
- Auto update on Sun Sep 14 18:40:10 UTC 2025
- Auto update on Sun Sep 14 22:37:59 UTC 2025
- Auto update on Mon Sep 15 03:27:30 UTC 2025
- Auto update on Mon Sep 15 06:47:30 UTC 2025
- Auto update on Mon Sep 15 10:43:00 UTC 2025
- Auto update on Mon Sep 15 18:45:13 UTC 2025
- Auto update on Mon Sep 15 22:38:47 UTC 2025
- Auto update on Tue Sep 16 03:08:18 UTC 2025
- Auto update on Tue Sep 16 06:45:42 UTC 2025
- Auto update on Tue Sep 16 10:42:17 UTC 2025
- Auto update on Tue Sep 16 18:44:58 UTC 2025
- Auto update on Tue Sep 16 22:36:25 UTC 2025
- Auto update on Wed Sep 17 03:07:23 UTC 2025
- Auto update on Wed Sep 17 06:45:54 UTC 2025
- Auto update on Wed Sep 17 10:41:37 UTC 2025
- Auto update on Wed Sep 17 18:45:01 UTC 2025
- Auto update on Wed Sep 17 22:36:51 UTC 2025
- Auto update on Thu Sep 18 03:09:18 UTC 2025
- Auto update on Thu Sep 18 06:45:07 UTC 2025
- Auto update on Thu Sep 18 10:41:24 UTC 2025
- Auto update on Thu Sep 18 18:45:57 UTC 2025
- Auto update on Thu Sep 18 22:38:13 UTC 2025
- Auto update on Fri Sep 19 03:12:12 UTC 2025
- Auto update on Fri Sep 19 06:45:02 UTC 2025
- Auto update on Fri Sep 19 10:41:55 UTC 2025
- Auto update on Fri Sep 19 18:44:15 UTC 2025
- Auto update on Fri Sep 19 22:38:19 UTC 2025
- Auto update on Sat Sep 20 03:06:55 UTC 2025
- Auto update on Sat Sep 20 06:42:29 UTC 2025
- Auto update on Sat Sep 20 10:39:30 UTC 2025
- Auto update on Sat Sep 20 18:40:29 UTC 2025
- Auto update on Sat Sep 20 22:37:25 UTC 2025
- Auto update on Sun Sep 21 03:26:26 UTC 2025
- Auto update on Sun Sep 21 06:42:51 UTC 2025
- Auto update on Sun Sep 21 10:39:27 UTC 2025
- Auto update on Sun Sep 21 18:42:09 UTC 2025
- Auto update on Sun Sep 21 22:38:43 UTC 2025
- Auto update on Mon Sep 22 03:26:43 UTC 2025
- Auto update on Mon Sep 22 06:47:33 UTC 2025
- Auto update on Mon Sep 22 10:44:26 UTC 2025
- Auto update on Mon Sep 22 18:44:33 UTC 2025
- Auto update on Mon Sep 22 22:38:55 UTC 2025
- Auto update on Tue Sep 23 03:09:53 UTC 2025
- Auto update on Tue Sep 23 06:45:43 UTC 2025
- Auto update on Tue Sep 23 10:42:21 UTC 2025
- Auto update on Tue Sep 23 18:45:58 UTC 2025
- Auto update on Tue Sep 23 22:38:57 UTC 2025
- Auto update on Wed Sep 24 03:10:44 UTC 2025
- Auto update on Wed Sep 24 06:45:34 UTC 2025
- Auto update on Wed Sep 24 10:42:59 UTC 2025
- Auto update on Wed Sep 24 18:43:42 UTC 2025
- Auto update on Wed Sep 24 22:36:43 UTC 2025
- Auto update on Thu Sep 25 03:13:18 UTC 2025
- Auto update on Thu Sep 25 06:46:19 UTC 2025
- Auto update on Thu Sep 25 10:42:52 UTC 2025
- Auto update on Thu Sep 25 18:46:27 UTC 2025
- Auto update on Thu Sep 25 22:38:35 UTC 2025
- Auto update on Fri Sep 26 03:12:06 UTC 2025
- Auto update on Fri Sep 26 06:45:32 UTC 2025
- Auto update on Fri Sep 26 10:42:11 UTC 2025
- Auto update on Fri Sep 26 18:44:01 UTC 2025
- Auto update on Fri Sep 26 22:38:06 UTC 2025
- Auto update on Sat Sep 27 03:06:55 UTC 2025
- Auto update on Sat Sep 27 06:40:51 UTC 2025
- Auto update on Sat Sep 27 10:38:58 UTC 2025
- Auto update on Sat Sep 27 18:41:38 UTC 2025
- Auto update on Sat Sep 27 22:37:43 UTC 2025
- Auto update on Sun Sep 28 03:26:50 UTC 2025
- Auto update on Sun Sep 28 06:42:47 UTC 2025
- Auto update on Sun Sep 28 10:39:18 UTC 2025
- Auto update on Sun Sep 28 18:41:24 UTC 2025
- Auto update on Sun Sep 28 22:38:03 UTC 2025
- Auto update on Mon Sep 29 03:25:09 UTC 2025
- Auto update on Mon Sep 29 06:47:41 UTC 2025
- Auto update on Mon Sep 29 10:44:40 UTC 2025
- Auto update on Mon Sep 29 18:46:20 UTC 2025
- Auto update on Mon Sep 29 22:37:11 UTC 2025
- Auto update on Tue Sep 30 03:10:24 UTC 2025
- Auto update on Tue Sep 30 06:46:49 UTC 2025
- Auto update on Tue Sep 30 10:43:05 UTC 2025
- Auto update on Tue Sep 30 18:44:55 UTC 2025
- Auto update on Tue Sep 30 22:38:55 UTC 2025
- Auto update on Wed Oct  1 03:30:10 UTC 2025
- Auto update on Wed Oct  1 06:46:17 UTC 2025
- Auto update on Wed Oct  1 10:43:15 UTC 2025
- Auto update on Wed Oct  1 18:45:55 UTC 2025
- Auto update on Wed Oct  1 22:39:07 UTC 2025
- Auto update on Thu Oct  2 03:09:14 UTC 2025
- Auto update on Thu Oct  2 06:44:21 UTC 2025
- Auto update on Thu Oct  2 10:40:33 UTC 2025
- Auto update on Thu Oct  2 18:43:31 UTC 2025
- Auto update on Thu Oct  2 22:38:15 UTC 2025
- Auto update on Fri Oct  3 03:08:27 UTC 2025
- Auto update on Fri Oct  3 06:44:17 UTC 2025
- Auto update on Fri Oct  3 10:41:02 UTC 2025
- Auto update on Fri Oct  3 18:44:25 UTC 2025
- Auto update on Fri Oct  3 22:37:50 UTC 2025
- Auto update on Sat Oct  4 03:03:55 UTC 2025
- Auto update on Sat Oct  4 06:41:57 UTC 2025
- Auto update on Sat Oct  4 10:39:12 UTC 2025
- Auto update on Sat Oct  4 18:41:38 UTC 2025
- Auto update on Sat Oct  4 22:37:29 UTC 2025
- Auto update on Sun Oct  5 03:24:41 UTC 2025
- Auto update on Sun Oct  5 06:41:42 UTC 2025
- Auto update on Sun Oct  5 10:38:40 UTC 2025
- Auto update on Sun Oct  5 18:41:50 UTC 2025
- Auto update on Sun Oct  5 22:38:06 UTC 2025
- Auto update on Mon Oct  6 03:22:24 UTC 2025
- Auto update on Mon Oct  6 06:46:28 UTC 2025
- Auto update on Mon Oct  6 10:43:05 UTC 2025
- Auto update on Mon Oct  6 18:46:07 UTC 2025
- Auto update on Mon Oct  6 22:38:40 UTC 2025
- Auto update on Tue Oct  7 03:10:00 UTC 2025
- Auto update on Tue Oct  7 06:45:50 UTC 2025
- Auto update on Tue Oct  7 10:42:22 UTC 2025
- Auto update on Tue Oct  7 18:46:59 UTC 2025
- Auto update on Tue Oct  7 22:38:36 UTC 2025
- Auto update on Wed Oct  8 03:09:44 UTC 2025
- Auto update on Wed Oct  8 06:46:03 UTC 2025
- Auto update on Wed Oct  8 10:43:02 UTC 2025
- Auto update on Wed Oct  8 18:47:53 UTC 2025
- Auto update on Wed Oct  8 22:39:33 UTC 2025
- Auto update on Thu Oct  9 03:12:00 UTC 2025
- Auto update on Thu Oct  9 06:46:59 UTC 2025
- Auto update on Thu Oct  9 10:43:42 UTC 2025
- Auto update on Thu Oct  9 18:45:51 UTC 2025
- Auto update on Thu Oct  9 22:39:29 UTC 2025
- Auto update on Fri Oct 10 03:12:40 UTC 2025
- Auto update on Fri Oct 10 06:46:34 UTC 2025
- Auto update on Fri Oct 10 10:42:40 UTC 2025
- Auto update on Fri Oct 10 18:44:58 UTC 2025
- Auto update on Fri Oct 10 22:38:31 UTC 2025
- Auto update on Sat Oct 11 03:06:12 UTC 2025
- Auto update on Sat Oct 11 06:41:58 UTC 2025
- Auto update on Sat Oct 11 10:38:59 UTC 2025
- Auto update on Sat Oct 11 18:39:43 UTC 2025
- Auto update on Sat Oct 11 22:37:32 UTC 2025
- Auto update on Sun Oct 12 03:22:06 UTC 2025
- Auto update on Sun Oct 12 06:42:04 UTC 2025
- Auto update on Sun Oct 12 10:39:13 UTC 2025
- Auto update on Sun Oct 12 18:41:55 UTC 2025
- Auto update on Sun Oct 12 22:38:09 UTC 2025
- Auto update on Mon Oct 13 03:29:52 UTC 2025
- Auto update on Mon Oct 13 06:47:57 UTC 2025
- Auto update on Mon Oct 13 10:44:50 UTC 2025
- Auto update on Mon Oct 13 18:45:20 UTC 2025
- Auto update on Mon Oct 13 22:38:40 UTC 2025
- Auto update on Tue Oct 14 03:13:20 UTC 2025
- Auto update on Tue Oct 14 06:45:50 UTC 2025
- Auto update on Tue Oct 14 10:44:03 UTC 2025
- Auto update on Tue Oct 14 18:46:25 UTC 2025
- Auto update on Tue Oct 14 22:39:08 UTC 2025
- Auto update on Wed Oct 15 03:25:04 UTC 2025
- Auto update on Wed Oct 15 06:46:04 UTC 2025
- Auto update on Wed Oct 15 10:45:21 UTC 2025
- Auto update on Wed Oct 15 18:47:06 UTC 2025
- Auto update on Wed Oct 15 22:38:41 UTC 2025
- Auto update on Thu Oct 16 03:24:42 UTC 2025
- Auto update on Thu Oct 16 06:46:08 UTC 2025
- Auto update on Thu Oct 16 10:44:12 UTC 2025
- Auto update on Thu Oct 16 18:47:24 UTC 2025
- Auto update on Thu Oct 16 22:37:58 UTC 2025
- Auto update on Fri Oct 17 03:13:49 UTC 2025
- Auto update on Fri Oct 17 06:45:32 UTC 2025
- Auto update on Fri Oct 17 10:42:48 UTC 2025
- Auto update on Fri Oct 17 18:44:05 UTC 2025
- Auto update on Fri Oct 17 22:39:00 UTC 2025
- Auto update on Sat Oct 18 03:07:50 UTC 2025
- Auto update on Sat Oct 18 06:42:36 UTC 2025
- Auto update on Sat Oct 18 10:40:08 UTC 2025
- Auto update on Sat Oct 18 18:42:16 UTC 2025
- Auto update on Sat Oct 18 22:38:22 UTC 2025
- Auto update on Sun Oct 19 03:32:32 UTC 2025
- Auto update on Sun Oct 19 06:43:14 UTC 2025
- Auto update on Sun Oct 19 10:39:43 UTC 2025
- Auto update on Sun Oct 19 18:42:44 UTC 2025
- Auto update on Sun Oct 19 22:39:23 UTC 2025
- Auto update on Mon Oct 20 03:34:40 UTC 2025
- Auto update on Mon Oct 20 06:47:23 UTC 2025
- Auto update on Mon Oct 20 10:45:07 UTC 2025
- Auto update on Mon Oct 20 18:49:01 UTC 2025
- Auto update on Mon Oct 20 22:39:35 UTC 2025
- Auto update on Tue Oct 21 03:26:46 UTC 2025
- Auto update on Tue Oct 21 06:46:42 UTC 2025
- Auto update on Tue Oct 21 10:44:20 UTC 2025
- Auto update on Tue Oct 21 18:47:55 UTC 2025
- Auto update on Tue Oct 21 22:38:59 UTC 2025
- Auto update on Wed Oct 22 03:31:08 UTC 2025
- Auto update on Wed Oct 22 06:48:09 UTC 2025
- Auto update on Wed Oct 22 10:45:56 UTC 2025
- Auto update on Wed Oct 22 18:49:24 UTC 2025
- Auto update on Wed Oct 22 22:36:05 UTC 2025
- Auto update on Thu Oct 23 03:24:17 UTC 2025
- Auto update on Thu Oct 23 06:46:52 UTC 2025
- Auto update on Thu Oct 23 10:43:43 UTC 2025
- Auto update on Thu Oct 23 18:47:25 UTC 2025
- Auto update on Thu Oct 23 22:39:40 UTC 2025
- Auto update on Fri Oct 24 03:12:58 UTC 2025
- Auto update on Fri Oct 24 06:45:36 UTC 2025
- Auto update on Fri Oct 24 10:45:01 UTC 2025
- Auto update on Fri Oct 24 18:45:30 UTC 2025
- Auto update on Fri Oct 24 22:40:28 UTC 2025
- Auto update on Sat Oct 25 03:23:08 UTC 2025
- Auto update on Sat Oct 25 06:42:40 UTC 2025
- Auto update on Sat Oct 25 10:39:43 UTC 2025
- Auto update on Sat Oct 25 18:42:58 UTC 2025
- Auto update on Sat Oct 25 22:38:06 UTC 2025
- Auto update on Sun Oct 26 03:28:24 UTC 2025
- Auto update on Sun Oct 26 06:44:12 UTC 2025
- Auto update on Sun Oct 26 10:40:11 UTC 2025
- Auto update on Sun Oct 26 18:44:11 UTC 2025
- Auto update on Sun Oct 26 22:39:47 UTC 2025
- Auto update on Mon Oct 27 03:38:06 UTC 2025
- Auto update on Mon Oct 27 06:51:00 UTC 2025
- Auto update on Mon Oct 27 10:46:01 UTC 2025
- Auto update on Mon Oct 27 18:47:16 UTC 2025
- Auto update on Mon Oct 27 22:40:13 UTC 2025
- Auto update on Tue Oct 28 03:28:14 UTC 2025
- Auto update on Tue Oct 28 06:48:38 UTC 2025
- Auto update on Tue Oct 28 10:46:02 UTC 2025
- Auto update on Tue Oct 28 18:49:39 UTC 2025
- Auto update on Tue Oct 28 22:41:16 UTC 2025
- Auto update on Wed Oct 29 03:34:16 UTC 2025
- Auto update on Wed Oct 29 06:49:04 UTC 2025
- Auto update on Wed Oct 29 10:45:38 UTC 2025
- Auto update on Wed Oct 29 18:48:19 UTC 2025
- Auto update on Wed Oct 29 22:41:26 UTC 2025
- Auto update on Thu Oct 30 03:30:15 UTC 2025
- Auto update on Thu Oct 30 06:46:53 UTC 2025
- Auto update on Thu Oct 30 10:44:27 UTC 2025
- Auto update on Thu Oct 30 18:48:26 UTC 2025
- Auto update on Thu Oct 30 22:39:20 UTC 2025
- Auto update on Fri Oct 31 03:31:10 UTC 2025
- Auto update on Fri Oct 31 06:47:54 UTC 2025
- Auto update on Fri Oct 31 10:44:05 UTC 2025
- Auto update on Fri Oct 31 18:47:47 UTC 2025
- Auto update on Fri Oct 31 22:40:32 UTC 2025
- Auto update on Sat Nov  1 03:30:03 UTC 2025
- Auto update on Sat Nov  1 06:43:00 UTC 2025
- Auto update on Sat Nov  1 10:40:34 UTC 2025
- Auto update on Sat Nov  1 18:41:53 UTC 2025
- Auto update on Sat Nov  1 22:38:32 UTC 2025
- Auto update on Sun Nov  2 03:32:47 UTC 2025
- Auto update on Sun Nov  2 06:45:12 UTC 2025
- Auto update on Sun Nov  2 10:39:48 UTC 2025
- Auto update on Sun Nov  2 18:41:37 UTC 2025
- Auto update on Sun Nov  2 22:38:59 UTC 2025
- Auto update on Mon Nov  3 03:36:44 UTC 2025
- Auto update on Mon Nov  3 06:49:29 UTC 2025
- Auto update on Mon Nov  3 10:46:54 UTC 2025
- Auto update on Mon Nov  3 18:44:53 UTC 2025
- Auto update on Mon Nov  3 22:41:04 UTC 2025
- Auto update on Tue Nov  4 03:29:40 UTC 2025
- Auto update on Tue Nov  4 06:48:19 UTC 2025
- Auto update on Tue Nov  4 10:47:51 UTC 2025
- Auto update on Tue Nov  4 18:48:06 UTC 2025
- Auto update on Tue Nov  4 22:41:38 UTC 2025
- Auto update on Wed Nov  5 03:30:50 UTC 2025
- Auto update on Wed Nov  5 06:47:46 UTC 2025
- Auto update on Wed Nov  5 10:46:08 UTC 2025
- Auto update on Wed Nov  5 18:48:14 UTC 2025
- Auto update on Wed Nov  5 22:41:16 UTC 2025
- Auto update on Thu Nov  6 03:34:13 UTC 2025
- Auto update on Thu Nov  6 06:48:28 UTC 2025
- Auto update on Thu Nov  6 10:46:25 UTC 2025
- Auto update on Thu Nov  6 18:49:41 UTC 2025
- Auto update on Thu Nov  6 22:41:30 UTC 2025
- Auto update on Fri Nov  7 03:30:24 UTC 2025
- Auto update on Fri Nov  7 06:47:36 UTC 2025
- Auto update on Fri Nov  7 10:44:31 UTC 2025
- Auto update on Fri Nov  7 18:44:49 UTC 2025
- Auto update on Fri Nov  7 22:40:03 UTC 2025
- Auto update on Sat Nov  8 03:23:13 UTC 2025
- Auto update on Sat Nov  8 06:44:01 UTC 2025
- Auto update on Sat Nov  8 10:40:41 UTC 2025
- Auto update on Sat Nov  8 18:43:29 UTC 2025
- Auto update on Sat Nov  8 22:38:31 UTC 2025
- Auto update on Sun Nov  9 03:31:09 UTC 2025
- Auto update on Sun Nov  9 06:44:18 UTC 2025
- Auto update on Sun Nov  9 10:40:11 UTC 2025
- Auto update on Sun Nov  9 18:42:02 UTC 2025
- Auto update on Sun Nov  9 22:39:21 UTC 2025
- Auto update on Mon Nov 10 03:37:35 UTC 2025
- Auto update on Mon Nov 10 06:49:40 UTC 2025
- Auto update on Mon Nov 10 10:46:08 UTC 2025
- Auto update on Mon Nov 10 18:47:35 UTC 2025
- Auto update on Mon Nov 10 22:42:20 UTC 2025
- Auto update on Tue Nov 11 03:33:09 UTC 2025
- Auto update on Tue Nov 11 06:48:29 UTC 2025
- Auto update on Tue Nov 11 10:46:20 UTC 2025
- Auto update on Tue Nov 11 18:47:35 UTC 2025
- Auto update on Tue Nov 11 22:41:05 UTC 2025
- Auto update on Wed Nov 12 03:31:47 UTC 2025
- Auto update on Wed Nov 12 06:48:28 UTC 2025
- Auto update on Wed Nov 12 10:47:38 UTC 2025
- Auto update on Wed Nov 12 18:46:12 UTC 2025
- Auto update on Wed Nov 12 22:39:22 UTC 2025
- Auto update on Thu Nov 13 03:34:10 UTC 2025
- Auto update on Thu Nov 13 06:48:17 UTC 2025
- Auto update on Thu Nov 13 10:47:10 UTC 2025
- Auto update on Thu Nov 13 18:48:00 UTC 2025
- Auto update on Thu Nov 13 22:41:24 UTC 2025
- Auto update on Fri Nov 14 03:32:43 UTC 2025
- Auto update on Fri Nov 14 06:48:17 UTC 2025
- Auto update on Fri Nov 14 10:45:02 UTC 2025
- Auto update on Fri Nov 14 18:48:02 UTC 2025
- Auto update on Fri Nov 14 22:40:49 UTC 2025
- Auto update on Sat Nov 15 03:27:13 UTC 2025
- Auto update on Sat Nov 15 06:44:10 UTC 2025
- Auto update on Sat Nov 15 10:40:33 UTC 2025
